empresa,max_sharp,min_vol,max_rent
AAPL,0.4472,0.5426,0.02114
GS,0.52465,0.39229,0.97886
AXP,0.02816,0.06511,0.0
